"tarea","esperada","observadas","n","lec","acl","turn","dictamen"
"u1-t01","brainstorming-lore","brainstorming-lore + use-lore","2","0","1","0","OK + CO-ACTIVACION"
"u1-t02","SILENCIO","create-project + use-lore + brainstorming-lore","3","1","1","0","SILENCIO ROTO"
"u2-t03","vespi","vespi + use-lore","2","6","0","0","OK + CO-ACTIVACION"
"u2-t04","transmute-lore","transmute-lore + use-lore","2","4","0","0","OK + CO-ACTIVACION"
"u3-t05","use-lore","","0","0","1","0","FALSO NEGATIVO"
"u3-t06","SILENCIO","","0","0","0","1","SILENCIO CORRECTO"
"u4-t07","vespi","vespi","1","1","0","0","OK"
"u4-t08","save-to-lore","","0","1","1","0","FALSO NEGATIVO"
"u5-t09","vespi","vespi","1","3","0","0","OK"
"u5-t10","create-area","","0","0","2","0","FALSO NEGATIVO"
"u5-t11","create-project","create-project + brainstorming-lore","2","0","1","1","OK + CO-ACTIVACION"
"u5-t12","create-bot","create-bot","1","1","1","0","OK"
